<?xml version="1.0" encoding="UTF-8"?><AutomationReportViewer><TestSuite ActualStatus="PASS" Duration="00:02:47" EndTime="11/06/2021 13:12:05 pm" ExpectedStatus="PASS" FinalStatus="PASS" ID="1" Name="SSS_Automation_Demo" StartTime="11/06/2021 13:09:18 pm"><TestCase ActualStatus="PASS" Duration="00:00:35" EndTime="11/06/2021 13:09:53 pm" ExpectedStatus="PASS" FinalStatus="PASS" ID="1" Name="LeftmenuTestCase_Web" StartTime="11/06/2021 13:09:18 pm"><TestStep ActualStatus="PASS" Duration="00:00:00" EndTime="11/06/2021 13:09:18 pm" ExpectedStatus="PASS" FinalStatus="PASS" ID="1" Name="Successfully launched *SSS* Application  with user *emailforexecution3@gmail.com* " StartTime="11/06/2021 13:09:18 pm"><Log Duration="00:00:00" EndTime="11/06/2021 13:09:18 pm" Name="$ Successfully launched *SSS* Application  with user *emailforexecution3@gmail.com* ELSE Failed to launch  *SSS* Application" StartTime="11/06/2021 13:09:18 pm" Status="PASS" Type="Successfully launched *SSS* Application  with user *emailforexecution3@gmail.com* ELSE Failed to launch  *SSS* Application"/></TestStep><TestStep ActualStatus="PASS" Duration="00:00:00" EndTime="11/06/2021 13:09:26 pm" ExpectedStatus="PASS" FinalStatus="PASS" ID="2" Name="Successfully clicked on *menu* and *options*  " StartTime="11/06/2021 13:09:26 pm"><Log Duration="00:00:00" EndTime="11/06/2021 13:09:26 pm" Name="$ Successfully clicked on *menu* and *options*  ELSE Failed to click on *menu* and *options*" StartTime="11/06/2021 13:09:26 pm" Status="PASS" Type="Successfully clicked on *menu* and *options*  ELSE Failed to click on *menu* and *options*"/></TestStep><TestStep ActualStatus="PASS" Duration="00:00:00" EndTime="11/06/2021 13:09:28 pm" ExpectedStatus="PASS" FinalStatus="PASS" ID="3" Name="Successfully clicked on *Notary Charges Tab*  " StartTime="11/06/2021 13:09:28 pm"><Log Duration="00:00:00" EndTime="11/06/2021 13:09:28 pm" Name="$ Successfully clicked on *Notary Charges Tab*  ELSE Failed to click on *Notary Charges Tab*" StartTime="11/06/2021 13:09:28 pm" Status="PASS" Type="Successfully clicked on *Notary Charges Tab*  ELSE Failed to click on *Notary Charges Tab*"/></TestStep><TestStep ActualStatus="PASS" Duration="00:00:00" EndTime="11/06/2021 13:09:44 pm" ExpectedStatus="PASS" FinalStatus="PASS" ID="4" Name="Successfully updated values  in *Notary Charges Tab*  and cliccked on *SAVE* button " StartTime="11/06/2021 13:09:44 pm"><Log Duration="00:00:00" EndTime="11/06/2021 13:09:44 pm" Name="$ Successfully updated values  in *Notary Charges Tab*  and cliccked on *SAVE* button ELSE Failed to update values  in *Notary Charges Tab*" StartTime="11/06/2021 13:09:44 pm" Status="PASS" Type="Successfully updated values  in *Notary Charges Tab*  and cliccked on *SAVE* button ELSE Failed to update values  in *Notary Charges Tab*"/></TestStep><TestStep ActualStatus="PASS" Duration="00:00:00" EndTime="11/06/2021 13:09:46 pm" ExpectedStatus="PASS" FinalStatus="PASS" ID="5" Name="Successfully validated the message *Data updated Successfully.* " StartTime="11/06/2021 13:09:46 pm"><Log Duration="00:00:00" EndTime="11/06/2021 13:09:46 pm" Name="$ Successfully validated the message *Data updated Successfully.* ELSE Failed to validate the message *Data updated Successfully.*" StartTime="11/06/2021 13:09:46 pm" Status="PASS" Type="Successfully validated the message *Data updated Successfully.* ELSE Failed to validate the message *Data updated Successfully.*"/></TestStep><TestStep ActualStatus="PASS" Duration="00:00:00" EndTime="11/06/2021 13:09:53 pm" ExpectedStatus="PASS" FinalStatus="PASS" ID="6" Name="Successfully loged out from the application" StartTime="11/06/2021 13:09:53 pm"><Log Duration="00:00:00" EndTime="11/06/2021 13:09:53 pm" Name="$ Successfully loged out from the applicationELSE Failed to logout from the application" StartTime="11/06/2021 13:09:53 pm" Status="PASS" Type="Successfully loged out from the applicationELSE Failed to logout from the application"/></TestStep></TestCase><TestCase ActualStatus="PASS" Duration="00:00:56" EndTime="11/06/2021 13:12:01 pm" ExpectedStatus="PASS" FinalStatus="PASS" ID="2" Name="LeftmenuTestCase_Mobile" StartTime="11/06/2021 13:11:05 pm"><TestStep ActualStatus="PASS" Duration="00:00:00" EndTime="11/06/2021 13:11:05 pm" ExpectedStatus="PASS" FinalStatus="PASS" ID="7" Name="Successfully launched *SSS* Application  with user *emailforexecution3@gmail.com* " StartTime="11/06/2021 13:11:05 pm"><Log Duration="00:00:00" EndTime="11/06/2021 13:11:05 pm" Name="$ Successfully launched *SSS* Application  with user *emailforexecution3@gmail.com* ELSE Failed to launch  *SSS* Application" StartTime="11/06/2021 13:11:05 pm" Status="PASS" Type="Successfully launched *SSS* Application  with user *emailforexecution3@gmail.com* ELSE Failed to launch  *SSS* Application"/></TestStep><TestStep ActualStatus="PASS" Duration="00:00:00" EndTime="11/06/2021 13:11:15 pm" ExpectedStatus="PASS" FinalStatus="PASS" ID="8" Name="Successfully clicked on *menu* and *options*  " StartTime="11/06/2021 13:11:15 pm"><Log Duration="00:00:00" EndTime="11/06/2021 13:11:15 pm" Name="$ Successfully clicked on *menu* and *options*  ELSE Failed to click on *menu* and *options*" StartTime="11/06/2021 13:11:15 pm" Status="PASS" Type="Successfully clicked on *menu* and *options*  ELSE Failed to click on *menu* and *options*"/></TestStep><TestStep ActualStatus="PASS" Duration="00:00:00" EndTime="11/06/2021 13:11:19 pm" ExpectedStatus="PASS" FinalStatus="PASS" ID="9" Name="Successfully clicked on *Notary Charges Tab*  " StartTime="11/06/2021 13:11:19 pm"><Log Duration="00:00:00" EndTime="11/06/2021 13:11:19 pm" Name="$ Successfully clicked on *Notary Charges Tab*  ELSE Failed to click on *Notary Charges Tab*" StartTime="11/06/2021 13:11:19 pm" Status="PASS" Type="Successfully clicked on *Notary Charges Tab*  ELSE Failed to click on *Notary Charges Tab*"/></TestStep><TestStep ActualStatus="PASS" Duration="00:00:00" EndTime="11/06/2021 13:11:47 pm" ExpectedStatus="PASS" FinalStatus="PASS" ID="10" Name="Successfully updated values  in *Notary Charges Tab*  and cliccked on *SAVE* button " StartTime="11/06/2021 13:11:47 pm"><Log Duration="00:00:00" EndTime="11/06/2021 13:11:47 pm" Name="$ Successfully updated values  in *Notary Charges Tab*  and cliccked on *SAVE* button ELSE Failed to update values  in *Notary Charges Tab*" StartTime="11/06/2021 13:11:47 pm" Status="PASS" Type="Successfully updated values  in *Notary Charges Tab*  and cliccked on *SAVE* button ELSE Failed to update values  in *Notary Charges Tab*"/></TestStep><TestStep ActualStatus="PASS" Duration="00:00:00" EndTime="11/06/2021 13:11:51 pm" ExpectedStatus="PASS" FinalStatus="PASS" ID="11" Name="Successfully validated the message *Data updated Successfully.* " StartTime="11/06/2021 13:11:51 pm"><Log Duration="00:00:00" EndTime="11/06/2021 13:11:51 pm" Name="$ Successfully validated the message *Data updated Successfully.* ELSE Failed to validate the message *Data updated Successfully.*" StartTime="11/06/2021 13:11:51 pm" Status="PASS" Type="Successfully validated the message *Data updated Successfully.* ELSE Failed to validate the message *Data updated Successfully.*"/></TestStep><TestStep ActualStatus="PASS" Duration="00:00:00" EndTime="11/06/2021 13:12:01 pm" ExpectedStatus="PASS" FinalStatus="PASS" ID="12" Name="Successfully loged out from the application" StartTime="11/06/2021 13:12:01 pm"><Log Duration="00:00:00" EndTime="11/06/2021 13:12:01 pm" Name="$ Successfully loged out from the applicationELSE Failed to logout from the application" StartTime="11/06/2021 13:12:01 pm" Status="PASS" Type="Successfully loged out from the applicationELSE Failed to logout from the application"/></TestStep></TestCase><TestCase ActualStatus="PASS" Duration="00:00:00" EndTime="11/06/2021 13:12:05 pm" ExpectedStatus="PASS" FinalStatus="PASS" ID="3" Name="SSS_API_GET" StartTime="11/06/2021 13:12:05 pm"><TestStep ActualStatus="PASS" Duration="00:00:00" EndTime="11/06/2021 13:12:05 pm" ExpectedStatus="PASS" FinalStatus="PASS" ID="13" Name="Successfully executed *API* and verified status code as *200* " StartTime="11/06/2021 13:12:05 pm"><Log Duration="00:00:00" EndTime="11/06/2021 13:12:05 pm" Name="$ Successfully executed *API* and verified status code as *200* ELSE Failed to Execute *API*" StartTime="11/06/2021 13:12:05 pm" Status="PASS" Type="Successfully executed *API* and verified status code as *200* ELSE Failed to Execute *API*"/></TestStep></TestCase></TestSuite><Project Duration="00:02:47" EndTime="11/06/2021 13:12:05 pm" Name="Selenium Framework" StartTime="11/06/2021 13:09:18 pm" Status="PASS"><EnvironmentDetails HostName="AapnaInfotech" InstanceName="Mortage Connect _ SSS" ThresholdValue="90" URL="https://test.simplysecuresign.com/SimplySignClient/auth/sign-in" UserName="Murali"/></Project></AutomationReportViewer>