<?xml version="1.0" encoding="UTF-8"?><AutomationReportViewer><TestSuite ActualStatus="PASS" Duration="00:06:59" EndTime="07/06/2021 14:01:23 pm" ExpectedStatus="PASS" FinalStatus="PASS" ID="1" Name="MobileAutomationPOC_Suite" StartTime="07/06/2021 13:54:24 pm"><TestCase ActualStatus="PASS" Duration="00:06:59" EndTime="07/06/2021 14:01:23 pm" ExpectedStatus="PASS" FinalStatus="PASS" ID="1" Name="Verify the data movement between managers" StartTime="07/06/2021 13:54:24 pm"><TestStep ActualStatus="PASS" Duration="00:00:00" EndTime="07/06/2021 13:54:24 pm" ExpectedStatus="PASS" FinalStatus="PASS" ID="1" Name="Successfully launched app  *C3 SpecialistApp*  with user * Manager 4* " StartTime="07/06/2021 13:54:24 pm"><Log Duration="00:00:00" EndTime="07/06/2021 13:54:24 pm" Name="$ Successfully launched app  *C3 SpecialistApp*  with user * Manager 4* ELSE Failed to launch app *C3 SpecialistApp*" StartTime="07/06/2021 13:54:24 pm" Status="PASS" Type="Successfully launched app  *C3 SpecialistApp*  with user * Manager 4* ELSE Failed to launch app *C3 SpecialistApp*"/></TestStep><TestStep ActualStatus="PASS" Duration="00:00:00" EndTime="07/06/2021 13:54:26 pm" ExpectedStatus="PASS" FinalStatus="PASS" ID="2" Name="Successfully verified home page with message  *Lets Get Started* " StartTime="07/06/2021 13:54:26 pm"><Log Duration="00:00:00" EndTime="07/06/2021 13:54:26 pm" Name="$ Successfully verified home page with message  *Let's Get Started* ELSE Failed to verify message in home page *Let's Get Started*" StartTime="07/06/2021 13:54:26 pm" Status="PASS" Type="Successfully verified home page with message  *Lets Get Started* ELSE Failed to verify message in home page *Lets Get Started*"/></TestStep><TestStep ActualStatus="PASS" Duration="00:00:00" EndTime="07/06/2021 13:54:56 pm" ExpectedStatus="PASS" FinalStatus="PASS" ID="3" Name="Successfully clicked on *Next* *Next* *Start Working* and Selected Language *English* and clicked on *Start Work* " StartTime="07/06/2021 13:54:56 pm"><Log Duration="00:00:00" EndTime="07/06/2021 13:54:56 pm" Name="$ Successfully clicked on *Next* *Next* *Start Working* and Selected Language *English* and clicked on *Start Work* ELSE Failed to click on *Next* *Next* *Start Working* and Selected Language *English*" StartTime="07/06/2021 13:54:56 pm" Status="PASS" Type="Successfully clicked on *Next* *Next* *Start Working* and Selected Language *English* and clicked on *Start Work* ELSE Failed to click on *Next* *Next* *Start Working* and Selected Language *English*"/></TestStep><TestStep ActualStatus="PASS" Duration="00:00:00" EndTime="07/06/2021 13:56:44 pm" ExpectedStatus="PASS" FinalStatus="PASS" ID="4" Name="Successfully annotated images and clicked on back button " StartTime="07/06/2021 13:56:44 pm"><Log Duration="00:00:00" EndTime="07/06/2021 13:56:44 pm" Name="$ Successfully annotated images and clicked on back button ELSE Failed to clickon  *Back Button*" StartTime="07/06/2021 13:56:44 pm" Status="PASS" Type="Successfully annotated images and clicked on back button ELSE Failed to clickon  *Back Button*"/></TestStep><TestStep ActualStatus="PASS" Duration="00:00:00" EndTime="07/06/2021 13:56:52 pm" ExpectedStatus="PASS" FinalStatus="PASS" ID="5" Name="Successfully clicked on  *Profile*  and *LogOut* " StartTime="07/06/2021 13:56:52 pm"><Log Duration="00:00:00" EndTime="07/06/2021 13:56:52 pm" Name="$ Successfully clicked on  *Profile*  and *LogOut* ELSE Failed to click on  *LogOut*" StartTime="07/06/2021 13:56:52 pm" Status="PASS" Type="Successfully clicked on  *Profile*  and *LogOut* ELSE Failed to click on  *LogOut*"/></TestStep><TestStep ActualStatus="PASS" Duration="00:00:00" EndTime="07/06/2021 13:56:56 pm" ExpectedStatus="PASS" FinalStatus="PASS" ID="6" Name="Successfully launched app  *C3 SpecialistApp*  with user * Manager 0* " StartTime="07/06/2021 13:56:56 pm"><Log Duration="00:00:00" EndTime="07/06/2021 13:56:56 pm" Name="$ Successfully launched app  *C3 SpecialistApp*  with user * Manager 0* ELSE Failed to launch app *C3 SpecialistApp*" StartTime="07/06/2021 13:56:56 pm" Status="PASS" Type="Successfully launched app  *C3 SpecialistApp*  with user * Manager 0* ELSE Failed to launch app *C3 SpecialistApp*"/></TestStep><TestStep ActualStatus="PASS" Duration="00:00:00" EndTime="07/06/2021 13:57:28 pm" ExpectedStatus="PASS" FinalStatus="PASS" ID="7" Name="Successfully clicked on *Next* *Next* *Start Working* and Selected Language *English* and clicked on *Start Work* " StartTime="07/06/2021 13:57:28 pm"><Log Duration="00:00:00" EndTime="07/06/2021 13:57:28 pm" Name="$ Successfully clicked on *Next* *Next* *Start Working* and Selected Language *English* and clicked on *Start Work* ELSE Failed to click on *Next* *Next* *Start Working* and Selected Language *English*" StartTime="07/06/2021 13:57:28 pm" Status="PASS" Type="Successfully clicked on *Next* *Next* *Start Working* and Selected Language *English* and clicked on *Start Work* ELSE Failed to click on *Next* *Next* *Start Working* and Selected Language *English*"/></TestStep><TestStep ActualStatus="PASS" Duration="00:00:00" EndTime="07/06/2021 13:57:52 pm" ExpectedStatus="PASS" FinalStatus="PASS" ID="8" Name="Successfully clicked on *True* for all Images " StartTime="07/06/2021 13:57:52 pm"><Log Duration="00:00:00" EndTime="07/06/2021 13:57:52 pm" Name="$ Successfully clicked on *True* for all Images ELSE Failed to close the *App*" StartTime="07/06/2021 13:57:52 pm" Status="PASS" Type="Successfully clicked on *True* for all Images ELSE Failed to close the *App*"/></TestStep><TestStep ActualStatus="PASS" Duration="00:00:00" EndTime="07/06/2021 13:58:01 pm" ExpectedStatus="PASS" FinalStatus="PASS" ID="9" Name="Successfully clicked on  *Profile*  and *LogOut* " StartTime="07/06/2021 13:58:01 pm"><Log Duration="00:00:00" EndTime="07/06/2021 13:58:01 pm" Name="$ Successfully clicked on  *Profile*  and *LogOut* ELSE Failed to click on  *LogOut*" StartTime="07/06/2021 13:58:01 pm" Status="PASS" Type="Successfully clicked on  *Profile*  and *LogOut* ELSE Failed to click on  *LogOut*"/></TestStep><TestStep ActualStatus="PASS" Duration="00:00:00" EndTime="07/06/2021 13:58:06 pm" ExpectedStatus="PASS" FinalStatus="PASS" ID="10" Name="Successfully launched app  *C3 SpecialistApp*  with user * Manager 1* " StartTime="07/06/2021 13:58:06 pm"><Log Duration="00:00:00" EndTime="07/06/2021 13:58:06 pm" Name="$ Successfully launched app  *C3 SpecialistApp*  with user * Manager 1* ELSE Failed to launch app *C3 SpecialistApp*" StartTime="07/06/2021 13:58:06 pm" Status="PASS" Type="Successfully launched app  *C3 SpecialistApp*  with user * Manager 1* ELSE Failed to launch app *C3 SpecialistApp*"/></TestStep><TestStep ActualStatus="PASS" Duration="00:00:00" EndTime="07/06/2021 13:58:36 pm" ExpectedStatus="PASS" FinalStatus="PASS" ID="11" Name="Successfully clicked on *Next* *Next* *Start Working* and Selected Language *English* and clicked on *Start Work* " StartTime="07/06/2021 13:58:36 pm"><Log Duration="00:00:00" EndTime="07/06/2021 13:58:36 pm" Name="$ Successfully clicked on *Next* *Next* *Start Working* and Selected Language *English* and clicked on *Start Work* ELSE Failed to click on *Next* *Next* *Start Working* and Selected Language *English*" StartTime="07/06/2021 13:58:36 pm" Status="PASS" Type="Successfully clicked on *Next* *Next* *Start Working* and Selected Language *English* and clicked on *Start Work* ELSE Failed to click on *Next* *Next* *Start Working* and Selected Language *English*"/></TestStep><TestStep ActualStatus="PASS" Duration="00:00:00" EndTime="07/06/2021 13:59:00 pm" ExpectedStatus="PASS" FinalStatus="PASS" ID="12" Name="Successfully clicked on *True* for all Images " StartTime="07/06/2021 13:59:00 pm"><Log Duration="00:00:00" EndTime="07/06/2021 13:59:00 pm" Name="$ Successfully clicked on *True* for all Images ELSE Failed to close the *App*" StartTime="07/06/2021 13:59:00 pm" Status="PASS" Type="Successfully clicked on *True* for all Images ELSE Failed to close the *App*"/></TestStep><TestStep ActualStatus="PASS" Duration="00:00:00" EndTime="07/06/2021 13:59:09 pm" ExpectedStatus="PASS" FinalStatus="PASS" ID="13" Name="Successfully clicked on  *Profile*  and *LogOut* " StartTime="07/06/2021 13:59:09 pm"><Log Duration="00:00:00" EndTime="07/06/2021 13:59:09 pm" Name="$ Successfully clicked on  *Profile*  and *LogOut* ELSE Failed to click on  *LogOut*" StartTime="07/06/2021 13:59:09 pm" Status="PASS" Type="Successfully clicked on  *Profile*  and *LogOut* ELSE Failed to click on  *LogOut*"/></TestStep><TestStep ActualStatus="PASS" Duration="00:00:00" EndTime="07/06/2021 13:59:13 pm" ExpectedStatus="PASS" FinalStatus="PASS" ID="14" Name="Successfully launched app  *C3 SpecialistApp*  with user * Manager 2* " StartTime="07/06/2021 13:59:13 pm"><Log Duration="00:00:00" EndTime="07/06/2021 13:59:13 pm" Name="$ Successfully launched app  *C3 SpecialistApp*  with user * Manager 2* ELSE Failed to launch app *C3 SpecialistApp*" StartTime="07/06/2021 13:59:13 pm" Status="PASS" Type="Successfully launched app  *C3 SpecialistApp*  with user * Manager 2* ELSE Failed to launch app *C3 SpecialistApp*"/></TestStep><TestStep ActualStatus="PASS" Duration="00:00:00" EndTime="07/06/2021 13:59:44 pm" ExpectedStatus="PASS" FinalStatus="PASS" ID="15" Name="Successfully clicked on *Next* *Next* *Start Working* and Selected Language *English* and clicked on *Start Work* " StartTime="07/06/2021 13:59:44 pm"><Log Duration="00:00:00" EndTime="07/06/2021 13:59:44 pm" Name="$ Successfully clicked on *Next* *Next* *Start Working* and Selected Language *English* and clicked on *Start Work* ELSE Failed to click on *Next* *Next* *Start Working* and Selected Language *English*" StartTime="07/06/2021 13:59:44 pm" Status="PASS" Type="Successfully clicked on *Next* *Next* *Start Working* and Selected Language *English* and clicked on *Start Work* ELSE Failed to click on *Next* *Next* *Start Working* and Selected Language *English*"/></TestStep><TestStep ActualStatus="PASS" Duration="00:00:00" EndTime="07/06/2021 14:00:08 pm" ExpectedStatus="PASS" FinalStatus="PASS" ID="16" Name="Successfully clicked on *True* for all Images " StartTime="07/06/2021 14:00:08 pm"><Log Duration="00:00:00" EndTime="07/06/2021 14:00:08 pm" Name="$ Successfully clicked on *True* for all Images ELSE Failed to close the *App*" StartTime="07/06/2021 14:00:08 pm" Status="PASS" Type="Successfully clicked on *True* for all Images ELSE Failed to close the *App*"/></TestStep><TestStep ActualStatus="PASS" Duration="00:00:00" EndTime="07/06/2021 14:00:16 pm" ExpectedStatus="PASS" FinalStatus="PASS" ID="17" Name="Successfully clicked on  *Profile*  and *LogOut* " StartTime="07/06/2021 14:00:16 pm"><Log Duration="00:00:00" EndTime="07/06/2021 14:00:16 pm" Name="$ Successfully clicked on  *Profile*  and *LogOut* ELSE Failed to click on  *LogOut*" StartTime="07/06/2021 14:00:16 pm" Status="PASS" Type="Successfully clicked on  *Profile*  and *LogOut* ELSE Failed to click on  *LogOut*"/></TestStep><TestStep ActualStatus="PASS" Duration="00:00:00" EndTime="07/06/2021 14:00:20 pm" ExpectedStatus="PASS" FinalStatus="PASS" ID="18" Name="Successfully launched app  *C3 SpecialistApp*  with user * Manager 3* " StartTime="07/06/2021 14:00:20 pm"><Log Duration="00:00:00" EndTime="07/06/2021 14:00:20 pm" Name="$ Successfully launched app  *C3 SpecialistApp*  with user * Manager 3* ELSE Failed to launch app *C3 SpecialistApp*" StartTime="07/06/2021 14:00:20 pm" Status="PASS" Type="Successfully launched app  *C3 SpecialistApp*  with user * Manager 3* ELSE Failed to launch app *C3 SpecialistApp*"/></TestStep><TestStep ActualStatus="PASS" Duration="00:00:00" EndTime="07/06/2021 14:00:51 pm" ExpectedStatus="PASS" FinalStatus="PASS" ID="19" Name="Successfully clicked on *Next* *Next* *Start Working* and Selected Language *English* and clicked on *Start Work* " StartTime="07/06/2021 14:00:51 pm"><Log Duration="00:00:00" EndTime="07/06/2021 14:00:51 pm" Name="$ Successfully clicked on *Next* *Next* *Start Working* and Selected Language *English* and clicked on *Start Work* ELSE Failed to click on *Next* *Next* *Start Working* and Selected Language *English*" StartTime="07/06/2021 14:00:51 pm" Status="PASS" Type="Successfully clicked on *Next* *Next* *Start Working* and Selected Language *English* and clicked on *Start Work* ELSE Failed to click on *Next* *Next* *Start Working* and Selected Language *English*"/></TestStep><TestStep ActualStatus="PASS" Duration="00:00:00" EndTime="07/06/2021 14:01:14 pm" ExpectedStatus="PASS" FinalStatus="PASS" ID="20" Name="Successfully clicked on *True* for all Images " StartTime="07/06/2021 14:01:14 pm"><Log Duration="00:00:00" EndTime="07/06/2021 14:01:14 pm" Name="$ Successfully clicked on *True* for all Images ELSE Failed to close the *App*" StartTime="07/06/2021 14:01:14 pm" Status="PASS" Type="Successfully clicked on *True* for all Images ELSE Failed to close the *App*"/></TestStep><TestStep ActualStatus="PASS" Duration="00:00:00" EndTime="07/06/2021 14:01:23 pm" ExpectedStatus="PASS" FinalStatus="PASS" ID="21" Name="Successfully clicked on  *Profile*  and *LogOut* " StartTime="07/06/2021 14:01:23 pm"><Log Duration="00:00:00" EndTime="07/06/2021 14:01:23 pm" Name="$ Successfully clicked on  *Profile*  and *LogOut* ELSE Failed to click on  *LogOut*" StartTime="07/06/2021 14:01:23 pm" Status="PASS" Type="Successfully clicked on  *Profile*  and *LogOut* ELSE Failed to click on  *LogOut*"/></TestStep></TestCase></TestSuite><Project Duration="00:06:59" EndTime="07/06/2021 14:01:23 pm" Name="Selenium Framework" StartTime="07/06/2021 13:54:24 pm" Status="PASS"><EnvironmentDetails HostName="AapnaInfotech" InstanceName="C3 Specialist" ThresholdValue="90" URL="" UserName="Murali"/></Project></AutomationReportViewer>