<?xml version="1.0" encoding="UTF-8"?><AutomationReportViewer><TestSuite ActualStatus="FAIL" Duration="00:02:50" EndTime="09/06/2021 12:06:16 pm" ExpectedStatus="PASS" FinalStatus="FAIL" ID="1" Name="CXChoice_Regression_Suite" StartTime="09/06/2021 12:03:26 pm"><TestCase ActualStatus="PASS" Duration="00:01:05" EndTime="09/06/2021 12:04:31 pm" ExpectedStatus="PASS" FinalStatus="PASS" ID="1" Name="Creation of new Order in CXChoice Application" StartTime="09/06/2021 12:03:26 pm"><TestStep ActualStatus="PASS" Duration="00:00:00" EndTime="09/06/2021 12:03:26 pm" ExpectedStatus="PASS" FinalStatus="PASS" ID="1" Name="Successfully logged into  *CX  Choice Application* and verified *© Copyright 2020 The Closing Exchange* " StartTime="09/06/2021 12:03:26 pm"><Log Duration="00:00:00" EndTime="09/06/2021 12:03:26 pm" Name="$ Successfully logged into  *CX  Choice Application* and verified *© Copyright 2020, The Closing Exchange* ELSE Failed to login to *CX Choice Application*" StartTime="09/06/2021 12:03:26 pm" Status="PASS" Type="Successfully logged into  *CX  Choice Application* and verified *© Copyright 2020 The Closing Exchange* ELSE Failed to login to *CX Choice Application*"/></TestStep><TestStep ActualStatus="PASS" Duration="00:00:00" EndTime="09/06/2021 12:03:35 pm" ExpectedStatus="PASS" FinalStatus="PASS" ID="2" Name="Successfully selected *Place Order*  " StartTime="09/06/2021 12:03:35 pm"><Log Duration="00:00:00" EndTime="09/06/2021 12:03:35 pm" Name="$ Successfully selected *Place Order*  ELSE Failed to Select *Place Order*" StartTime="09/06/2021 12:03:35 pm" Status="PASS" Type="Successfully selected *Place Order*  ELSE Failed to Select *Place Order*"/></TestStep><TestStep ActualStatus="PASS" Duration="00:00:00" EndTime="09/06/2021 12:03:54 pm" ExpectedStatus="PASS" FinalStatus="PASS" ID="3" Name="Successfully submitted all details in *Place Order page* and clicked on Next " StartTime="09/06/2021 12:03:54 pm"><Log Duration="00:00:00" EndTime="09/06/2021 12:03:54 pm" Name="$ Successfully submitted all details in *Place Order page* and clicked on Next ELSE Failed to submit  details in *Place Order page*" StartTime="09/06/2021 12:03:54 pm" Status="PASS" Type="Successfully submitted all details in *Place Order page* and clicked on Next ELSE Failed to submit  details in *Place Order page*"/></TestStep><TestStep ActualStatus="PASS" Duration="00:00:00" EndTime="09/06/2021 12:04:01 pm" ExpectedStatus="PASS" FinalStatus="PASS" ID="4" Name="Successfully submitted all details in *Singer Information page* and clicked on Next " StartTime="09/06/2021 12:04:01 pm"><Log Duration="00:00:00" EndTime="09/06/2021 12:04:01 pm" Name="$ Successfully submitted all details in *Singer Information page* and clicked on Next ELSE Failed to submit  details in *Singer Information page*" StartTime="09/06/2021 12:04:01 pm" Status="PASS" Type="Successfully submitted all details in *Singer Information page* and clicked on Next ELSE Failed to submit  details in *Singer Information page*"/></TestStep><TestStep ActualStatus="PASS" Duration="00:00:00" EndTime="09/06/2021 12:04:16 pm" ExpectedStatus="PASS" FinalStatus="PASS" ID="5" Name="Successfully submitted all details in *Order Details page* and clicked on Place Order " StartTime="09/06/2021 12:04:16 pm"><Log Duration="00:00:00" EndTime="09/06/2021 12:04:16 pm" Name="$ Successfully submitted all details in *Order Details page* and clicked on Place Order ELSE Failed to submit  details in *Order details page*" StartTime="09/06/2021 12:04:16 pm" Status="PASS" Type="Successfully submitted all details in *Order Details page* and clicked on Place Order ELSE Failed to submit  details in *Order details page*"/></TestStep><TestStep ActualStatus="PASS" Duration="00:00:00" EndTime="09/06/2021 12:04:16 pm" ExpectedStatus="PASS" FinalStatus="PASS" ID="6" Name="Successfully captured New Order Number  *  486959  * " StartTime="09/06/2021 12:04:16 pm"><Log Duration="00:00:00" EndTime="09/06/2021 12:04:16 pm" Name="$ Successfully captured New Order Number  &amp;ordernumber&amp; ELSE Failed to capture order number" StartTime="09/06/2021 12:04:16 pm" Status="PASS" Type="Successfully captured New Order Number  &amp;ordernumber&amp; ELSE Failed to capture order number"/></TestStep><TestStep ActualStatus="PASS" Duration="00:00:00" EndTime="09/06/2021 12:04:31 pm" ExpectedStatus="PASS" FinalStatus="PASS" ID="7" Name="Successfully verified order number *  486959  *  with Last Name   * PETER_KZTAT * " StartTime="09/06/2021 12:04:31 pm"><Log Duration="00:00:00" EndTime="09/06/2021 12:04:31 pm" Name="$ Successfully verified order number &amp;New Order Number&amp;  with Last Name   &amp;lastname&amp; ELSE Failed to verify order number" StartTime="09/06/2021 12:04:31 pm" Status="PASS" Type="Successfully verified order number &amp;New Order Number&amp;  with Last Name   &amp;lastname&amp; ELSE Failed to verify order number"/></TestStep></TestCase><TestCase ActualStatus="PASS" Duration="00:01:05" EndTime="09/06/2021 12:05:50 pm" ExpectedStatus="PASS" FinalStatus="PASS" ID="2" Name="Creation of Second Order" StartTime="09/06/2021 12:04:45 pm"><TestStep ActualStatus="PASS" Duration="00:00:00" EndTime="09/06/2021 12:04:45 pm" ExpectedStatus="PASS" FinalStatus="PASS" ID="8" Name="Successfully logged into  *CX  Choice Application* and verified *© Copyright 2020 The Closing Exchange* " StartTime="09/06/2021 12:04:45 pm"><Log Duration="00:00:00" EndTime="09/06/2021 12:04:45 pm" Name="$ Successfully logged into  *CX  Choice Application* and verified *© Copyright 2020, The Closing Exchange* ELSE Failed to login to *CX Choice Application*" StartTime="09/06/2021 12:04:45 pm" Status="PASS" Type="Successfully logged into  *CX  Choice Application* and verified *© Copyright 2020 The Closing Exchange* ELSE Failed to login to *CX Choice Application*"/></TestStep><TestStep ActualStatus="PASS" Duration="00:00:00" EndTime="09/06/2021 12:04:53 pm" ExpectedStatus="PASS" FinalStatus="PASS" ID="9" Name="Successfully selected *Place Order*  " StartTime="09/06/2021 12:04:53 pm"><Log Duration="00:00:00" EndTime="09/06/2021 12:04:53 pm" Name="$ Successfully selected *Place Order*  ELSE Failed to Select *Place Order*" StartTime="09/06/2021 12:04:53 pm" Status="PASS" Type="Successfully selected *Place Order*  ELSE Failed to Select *Place Order*"/></TestStep><TestStep ActualStatus="PASS" Duration="00:00:00" EndTime="09/06/2021 12:05:13 pm" ExpectedStatus="PASS" FinalStatus="PASS" ID="10" Name="Successfully submitted all details in *Place Order page* and clicked on Next " StartTime="09/06/2021 12:05:13 pm"><Log Duration="00:00:00" EndTime="09/06/2021 12:05:13 pm" Name="$ Successfully submitted all details in *Place Order page* and clicked on Next ELSE Failed to submit  details in *Place Order page*" StartTime="09/06/2021 12:05:13 pm" Status="PASS" Type="Successfully submitted all details in *Place Order page* and clicked on Next ELSE Failed to submit  details in *Place Order page*"/></TestStep><TestStep ActualStatus="PASS" Duration="00:00:00" EndTime="09/06/2021 12:05:20 pm" ExpectedStatus="PASS" FinalStatus="PASS" ID="11" Name="Successfully submitted all details in *Singer Information page* and clicked on Next " StartTime="09/06/2021 12:05:20 pm"><Log Duration="00:00:00" EndTime="09/06/2021 12:05:20 pm" Name="$ Successfully submitted all details in *Singer Information page* and clicked on Next ELSE Failed to submit  details in *Singer Information page*" StartTime="09/06/2021 12:05:20 pm" Status="PASS" Type="Successfully submitted all details in *Singer Information page* and clicked on Next ELSE Failed to submit  details in *Singer Information page*"/></TestStep><TestStep ActualStatus="PASS" Duration="00:00:00" EndTime="09/06/2021 12:05:35 pm" ExpectedStatus="PASS" FinalStatus="PASS" ID="12" Name="Successfully submitted all details in *Order Details page* and clicked on Place Order " StartTime="09/06/2021 12:05:35 pm"><Log Duration="00:00:00" EndTime="09/06/2021 12:05:35 pm" Name="$ Successfully submitted all details in *Order Details page* and clicked on Place Order ELSE Failed to submit  details in *Order details page*" StartTime="09/06/2021 12:05:35 pm" Status="PASS" Type="Successfully submitted all details in *Order Details page* and clicked on Place Order ELSE Failed to submit  details in *Order details page*"/></TestStep><TestStep ActualStatus="PASS" Duration="00:00:00" EndTime="09/06/2021 12:05:35 pm" ExpectedStatus="PASS" FinalStatus="PASS" ID="13" Name="Successfully captured New Order Number  *  486960  * " StartTime="09/06/2021 12:05:35 pm"><Log Duration="00:00:00" EndTime="09/06/2021 12:05:35 pm" Name="$ Successfully captured New Order Number  &amp;ordernumber&amp; ELSE Failed to capture order number" StartTime="09/06/2021 12:05:35 pm" Status="PASS" Type="Successfully captured New Order Number  &amp;ordernumber&amp; ELSE Failed to capture order number"/></TestStep><TestStep ActualStatus="PASS" Duration="00:00:00" EndTime="09/06/2021 12:05:50 pm" ExpectedStatus="PASS" FinalStatus="PASS" ID="14" Name="Successfully verified order number *  486960  *  with Last Name   * PETER_WMCQD * " StartTime="09/06/2021 12:05:50 pm"><Log Duration="00:00:00" EndTime="09/06/2021 12:05:50 pm" Name="$ Successfully verified order number &amp;New Order Number&amp;  with Last Name   &amp;lastname&amp; ELSE Failed to verify order number" StartTime="09/06/2021 12:05:50 pm" Status="PASS" Type="Successfully verified order number &amp;New Order Number&amp;  with Last Name   &amp;lastname&amp; ELSE Failed to verify order number"/></TestStep></TestCase><TestCase ActualStatus="FAIL" Duration="00:00:11" EndTime="09/06/2021 12:06:16 pm" ExpectedStatus="PASS" FinalStatus="FAIL" ID="3" Name="Creation of new Order negative Scenario" StartTime="09/06/2021 12:06:05 pm"><TestStep ActualStatus="FAIL" Duration="00:00:05" EndTime="09/06/2021 12:06:10 pm" ExpectedStatus="PASS" FinalStatus="FAIL" ID="15" Name=" Failed to login to *CX Choice Application* - Unable to find  copyrightmsg" Screenshot="img/screenshots/12-06-15Screenshot.jpg" StartTime="09/06/2021 12:06:05 pm"><Log Duration="00:00:00" EndTime="09/06/2021 12:06:05 pm" Name="$ Successfully logged into  *CX  Choice Application* and verified *© Copyright 2020, The Closing Exchange* ELSE Failed to login to *CX Choice Application*" Screenshot="img/screenshots/12-06-10Screenshot.jpg" StartTime="09/06/2021 12:06:05 pm" Status="FAIL" Type="Successfully logged into  *CX  Choice Application* and verified *© Copyright 2020 The Closing Exchange* ELSE Failed to login to *CX Choice Application*"/></TestStep></TestCase></TestSuite><Project Duration="00:02:50" EndTime="09/06/2021 12:06:16 pm" Name="Selenium Framework" StartTime="09/06/2021 12:03:26 pm" Status="FAIL"><EnvironmentDetails HostName="AapnaInfotech" InstanceName="AAPNAINFOTECH" ThresholdValue="90" URL="https://staging.theclosingexchange.com/#" UserName="Murali"/></Project></AutomationReportViewer>