<?xml version="1.0" encoding="UTF-8"?><AutomationReportViewer><TestSuite ActualStatus="PASS" Duration="00:11:16" EndTime="07/06/2021 16:22:51 pm" ExpectedStatus="PASS" FinalStatus="PASS" ID="1" Name="MobileAutomationPOC_Suite" StartTime="07/06/2021 16:11:35 pm"><TestCase ActualStatus="PASS" Duration="00:11:16" EndTime="07/06/2021 16:22:51 pm" ExpectedStatus="PASS" FinalStatus="PASS" ID="1" Name="Verify the data movement between Specialist and managers" StartTime="07/06/2021 16:11:35 pm"><TestStep ActualStatus="PASS" Duration="00:00:01" EndTime="07/06/2021 16:11:36 pm" ExpectedStatus="PASS" FinalStatus="PASS" ID="1" Name="Successfully launched app  *C3 SpecialistApp*  with user * Specialist 0* " StartTime="07/06/2021 16:11:35 pm"><Log Duration="00:00:00" EndTime="07/06/2021 16:11:35 pm" Name="$ Successfully launched app  *C3 SpecialistApp*  with user * Specialist 0* ELSE Failed to launch app *C3 SpecialistApp*" StartTime="07/06/2021 16:11:35 pm" Status="PASS" Type="Successfully launched app  *C3 SpecialistApp*  with user * Specialist 0* ELSE Failed to launch app *C3 SpecialistApp*"/></TestStep><TestStep ActualStatus="PASS" Duration="00:00:00" EndTime="07/06/2021 16:11:38 pm" ExpectedStatus="PASS" FinalStatus="PASS" ID="2" Name="Successfully verified home page with message  *Lets Get Started* " StartTime="07/06/2021 16:11:38 pm"><Log Duration="00:00:00" EndTime="07/06/2021 16:11:38 pm" Name="$ Successfully verified home page with message  *Let's Get Started* ELSE Failed to verify message in home page *Let's Get Started*" StartTime="07/06/2021 16:11:38 pm" Status="PASS" Type="Successfully verified home page with message  *Lets Get Started* ELSE Failed to verify message in home page *Lets Get Started*"/></TestStep><TestStep ActualStatus="PASS" Duration="00:00:00" EndTime="07/06/2021 16:12:10 pm" ExpectedStatus="PASS" FinalStatus="PASS" ID="3" Name="Successfully clicked on *Next* *Next* *Start Working* and Selected Language *English* and clicked on *Start Work* " StartTime="07/06/2021 16:12:10 pm"><Log Duration="00:00:00" EndTime="07/06/2021 16:12:10 pm" Name="$ Successfully clicked on *Next* *Next* *Start Working* and Selected Language *English* and clicked on *Start Work* ELSE Failed to click on *Next* *Next* *Start Working* and Selected Language *English*" StartTime="07/06/2021 16:12:10 pm" Status="PASS" Type="Successfully clicked on *Next* *Next* *Start Working* and Selected Language *English* and clicked on *Start Work* ELSE Failed to click on *Next* *Next* *Start Working* and Selected Language *English*"/></TestStep><TestStep ActualStatus="PASS" Duration="00:00:00" EndTime="07/06/2021 16:13:46 pm" ExpectedStatus="PASS" FinalStatus="PASS" ID="4" Name="Successfully cropped *6 records* " StartTime="07/06/2021 16:13:46 pm"><Log Duration="00:00:00" EndTime="07/06/2021 16:13:46 pm" Name="$ Successfully cropped *6 records* ELSE Failed to crop the records" StartTime="07/06/2021 16:13:46 pm" Status="PASS" Type="Successfully cropped *6 records* ELSE Failed to crop the records"/></TestStep><TestStep ActualStatus="PASS" Duration="00:00:00" EndTime="07/06/2021 16:13:54 pm" ExpectedStatus="PASS" FinalStatus="PASS" ID="5" Name="Successfully clicked on  *Profile*  and *LogOut* " StartTime="07/06/2021 16:13:54 pm"><Log Duration="00:00:00" EndTime="07/06/2021 16:13:54 pm" Name="$ Successfully clicked on  *Profile*  and *LogOut* ELSE Failed to click on  *LogOut*" StartTime="07/06/2021 16:13:54 pm" Status="PASS" Type="Successfully clicked on  *Profile*  and *LogOut* ELSE Failed to click on  *LogOut*"/></TestStep><TestStep ActualStatus="PASS" Duration="00:00:00" EndTime="07/06/2021 16:13:58 pm" ExpectedStatus="PASS" FinalStatus="PASS" ID="6" Name="Successfully launched app  *C3 SpecialistApp*  with user * Specialist 1* " StartTime="07/06/2021 16:13:58 pm"><Log Duration="00:00:00" EndTime="07/06/2021 16:13:58 pm" Name="$ Successfully launched app  *C3 SpecialistApp*  with user * Specialist 1* ELSE Failed to launch app *C3 SpecialistApp*" StartTime="07/06/2021 16:13:58 pm" Status="PASS" Type="Successfully launched app  *C3 SpecialistApp*  with user * Specialist 1* ELSE Failed to launch app *C3 SpecialistApp*"/></TestStep><TestStep ActualStatus="PASS" Duration="00:00:00" EndTime="07/06/2021 16:14:22 pm" ExpectedStatus="PASS" FinalStatus="PASS" ID="7" Name="Successfully clicked on *Next* *Next* *Start Working* and Selected Language *English* and clicked on *Start Work* " StartTime="07/06/2021 16:14:22 pm"><Log Duration="00:00:00" EndTime="07/06/2021 16:14:22 pm" Name="$ Successfully clicked on *Next* *Next* *Start Working* and Selected Language *English* and clicked on *Start Work* ELSE Failed to click on *Next* *Next* *Start Working* and Selected Language *English*" StartTime="07/06/2021 16:14:22 pm" Status="PASS" Type="Successfully clicked on *Next* *Next* *Start Working* and Selected Language *English* and clicked on *Start Work* ELSE Failed to click on *Next* *Next* *Start Working* and Selected Language *English*"/></TestStep><TestStep ActualStatus="PASS" Duration="00:00:00" EndTime="07/06/2021 16:14:46 pm" ExpectedStatus="PASS" FinalStatus="PASS" ID="8" Name="Successfully clicked on *True* for all Images " StartTime="07/06/2021 16:14:46 pm"><Log Duration="00:00:00" EndTime="07/06/2021 16:14:46 pm" Name="$ Successfully clicked on *True* for all Images ELSE Failed to close the *App*" StartTime="07/06/2021 16:14:46 pm" Status="PASS" Type="Successfully clicked on *True* for all Images ELSE Failed to close the *App*"/></TestStep><TestStep ActualStatus="PASS" Duration="00:00:00" EndTime="07/06/2021 16:14:55 pm" ExpectedStatus="PASS" FinalStatus="PASS" ID="9" Name="Successfully clicked on  *Profile*  and *LogOut* " StartTime="07/06/2021 16:14:55 pm"><Log Duration="00:00:00" EndTime="07/06/2021 16:14:55 pm" Name="$ Successfully clicked on  *Profile*  and *LogOut* ELSE Failed to click on  *LogOut*" StartTime="07/06/2021 16:14:55 pm" Status="PASS" Type="Successfully clicked on  *Profile*  and *LogOut* ELSE Failed to click on  *LogOut*"/></TestStep><TestStep ActualStatus="PASS" Duration="00:00:00" EndTime="07/06/2021 16:14:58 pm" ExpectedStatus="PASS" FinalStatus="PASS" ID="10" Name="Successfully launched app  *C3 SpecialistApp*  with user * Specialist 2* " StartTime="07/06/2021 16:14:58 pm"><Log Duration="00:00:00" EndTime="07/06/2021 16:14:58 pm" Name="$ Successfully launched app  *C3 SpecialistApp*  with user * Specialist 2* ELSE Failed to launch app *C3 SpecialistApp*" StartTime="07/06/2021 16:14:58 pm" Status="PASS" Type="Successfully launched app  *C3 SpecialistApp*  with user * Specialist 2* ELSE Failed to launch app *C3 SpecialistApp*"/></TestStep><TestStep ActualStatus="PASS" Duration="00:00:00" EndTime="07/06/2021 16:15:22 pm" ExpectedStatus="PASS" FinalStatus="PASS" ID="11" Name="Successfully clicked on *Next* *Next* *Start Working* and Selected Language *English* and clicked on *Start Work* " StartTime="07/06/2021 16:15:22 pm"><Log Duration="00:00:00" EndTime="07/06/2021 16:15:22 pm" Name="$ Successfully clicked on *Next* *Next* *Start Working* and Selected Language *English* and clicked on *Start Work* ELSE Failed to click on *Next* *Next* *Start Working* and Selected Language *English*" StartTime="07/06/2021 16:15:22 pm" Status="PASS" Type="Successfully clicked on *Next* *Next* *Start Working* and Selected Language *English* and clicked on *Start Work* ELSE Failed to click on *Next* *Next* *Start Working* and Selected Language *English*"/></TestStep><TestStep ActualStatus="PASS" Duration="00:00:00" EndTime="07/06/2021 16:15:47 pm" ExpectedStatus="PASS" FinalStatus="PASS" ID="12" Name="Successfully clicked on *True* for all Images " StartTime="07/06/2021 16:15:47 pm"><Log Duration="00:00:00" EndTime="07/06/2021 16:15:47 pm" Name="$ Successfully clicked on *True* for all Images ELSE Failed to close the *App*" StartTime="07/06/2021 16:15:47 pm" Status="PASS" Type="Successfully clicked on *True* for all Images ELSE Failed to close the *App*"/></TestStep><TestStep ActualStatus="PASS" Duration="00:00:00" EndTime="07/06/2021 16:15:55 pm" ExpectedStatus="PASS" FinalStatus="PASS" ID="13" Name="Successfully clicked on  *Profile*  and *LogOut* " StartTime="07/06/2021 16:15:55 pm"><Log Duration="00:00:00" EndTime="07/06/2021 16:15:55 pm" Name="$ Successfully clicked on  *Profile*  and *LogOut* ELSE Failed to click on  *LogOut*" StartTime="07/06/2021 16:15:55 pm" Status="PASS" Type="Successfully clicked on  *Profile*  and *LogOut* ELSE Failed to click on  *LogOut*"/></TestStep><TestStep ActualStatus="PASS" Duration="00:00:00" EndTime="07/06/2021 16:15:58 pm" ExpectedStatus="PASS" FinalStatus="PASS" ID="14" Name="Successfully launched app  *C3 SpecialistApp*  with user * Specialist 3* " StartTime="07/06/2021 16:15:58 pm"><Log Duration="00:00:00" EndTime="07/06/2021 16:15:58 pm" Name="$ Successfully launched app  *C3 SpecialistApp*  with user * Specialist 3* ELSE Failed to launch app *C3 SpecialistApp*" StartTime="07/06/2021 16:15:58 pm" Status="PASS" Type="Successfully launched app  *C3 SpecialistApp*  with user * Specialist 3* ELSE Failed to launch app *C3 SpecialistApp*"/></TestStep><TestStep ActualStatus="PASS" Duration="00:00:00" EndTime="07/06/2021 16:16:22 pm" ExpectedStatus="PASS" FinalStatus="PASS" ID="15" Name="Successfully clicked on *Next* *Next* *Start Working* and Selected Language *English* and clicked on *Start Work* " StartTime="07/06/2021 16:16:22 pm"><Log Duration="00:00:00" EndTime="07/06/2021 16:16:22 pm" Name="$ Successfully clicked on *Next* *Next* *Start Working* and Selected Language *English* and clicked on *Start Work* ELSE Failed to click on *Next* *Next* *Start Working* and Selected Language *English*" StartTime="07/06/2021 16:16:22 pm" Status="PASS" Type="Successfully clicked on *Next* *Next* *Start Working* and Selected Language *English* and clicked on *Start Work* ELSE Failed to click on *Next* *Next* *Start Working* and Selected Language *English*"/></TestStep><TestStep ActualStatus="PASS" Duration="00:00:00" EndTime="07/06/2021 16:16:47 pm" ExpectedStatus="PASS" FinalStatus="PASS" ID="16" Name="Successfully clicked on *True* for all Images " StartTime="07/06/2021 16:16:47 pm"><Log Duration="00:00:00" EndTime="07/06/2021 16:16:47 pm" Name="$ Successfully clicked on *True* for all Images ELSE Failed to close the *App*" StartTime="07/06/2021 16:16:47 pm" Status="PASS" Type="Successfully clicked on *True* for all Images ELSE Failed to close the *App*"/></TestStep><TestStep ActualStatus="PASS" Duration="00:00:00" EndTime="07/06/2021 16:16:56 pm" ExpectedStatus="PASS" FinalStatus="PASS" ID="17" Name="Successfully clicked on  *Profile*  and *LogOut* " StartTime="07/06/2021 16:16:56 pm"><Log Duration="00:00:00" EndTime="07/06/2021 16:16:56 pm" Name="$ Successfully clicked on  *Profile*  and *LogOut* ELSE Failed to click on  *LogOut*" StartTime="07/06/2021 16:16:56 pm" Status="PASS" Type="Successfully clicked on  *Profile*  and *LogOut* ELSE Failed to click on  *LogOut*"/></TestStep><TestStep ActualStatus="PASS" Duration="00:00:00" EndTime="07/06/2021 16:17:00 pm" ExpectedStatus="PASS" FinalStatus="PASS" ID="18" Name="Successfully launched app  *C3 SpecialistApp*  with user * Specialist 4* " StartTime="07/06/2021 16:17:00 pm"><Log Duration="00:00:00" EndTime="07/06/2021 16:17:00 pm" Name="$ Successfully launched app  *C3 SpecialistApp*  with user * Specialist 4* ELSE Failed to launch app *C3 SpecialistApp*" StartTime="07/06/2021 16:17:00 pm" Status="PASS" Type="Successfully launched app  *C3 SpecialistApp*  with user * Specialist 4* ELSE Failed to launch app *C3 SpecialistApp*"/></TestStep><TestStep ActualStatus="PASS" Duration="00:00:00" EndTime="07/06/2021 16:17:24 pm" ExpectedStatus="PASS" FinalStatus="PASS" ID="19" Name="Successfully clicked on *Next* *Next* *Start Working* and Selected Language *English* and clicked on *Start Work* " StartTime="07/06/2021 16:17:24 pm"><Log Duration="00:00:00" EndTime="07/06/2021 16:17:24 pm" Name="$ Successfully clicked on *Next* *Next* *Start Working* and Selected Language *English* and clicked on *Start Work* ELSE Failed to click on *Next* *Next* *Start Working* and Selected Language *English*" StartTime="07/06/2021 16:17:24 pm" Status="PASS" Type="Successfully clicked on *Next* *Next* *Start Working* and Selected Language *English* and clicked on *Start Work* ELSE Failed to click on *Next* *Next* *Start Working* and Selected Language *English*"/></TestStep><TestStep ActualStatus="PASS" Duration="00:00:00" EndTime="07/06/2021 16:17:48 pm" ExpectedStatus="PASS" FinalStatus="PASS" ID="20" Name="Successfully clicked on *True* for all Images " StartTime="07/06/2021 16:17:48 pm"><Log Duration="00:00:00" EndTime="07/06/2021 16:17:48 pm" Name="$ Successfully clicked on *True* for all Images ELSE Failed to close the *App*" StartTime="07/06/2021 16:17:48 pm" Status="PASS" Type="Successfully clicked on *True* for all Images ELSE Failed to close the *App*"/></TestStep><TestStep ActualStatus="PASS" Duration="00:00:00" EndTime="07/06/2021 16:17:57 pm" ExpectedStatus="PASS" FinalStatus="PASS" ID="21" Name="Successfully clicked on  *Profile*  and *LogOut* " StartTime="07/06/2021 16:17:57 pm"><Log Duration="00:00:00" EndTime="07/06/2021 16:17:57 pm" Name="$ Successfully clicked on  *Profile*  and *LogOut* ELSE Failed to click on  *LogOut*" StartTime="07/06/2021 16:17:57 pm" Status="PASS" Type="Successfully clicked on  *Profile*  and *LogOut* ELSE Failed to click on  *LogOut*"/></TestStep><TestStep ActualStatus="PASS" Duration="00:00:00" EndTime="07/06/2021 16:18:02 pm" ExpectedStatus="PASS" FinalStatus="PASS" ID="22" Name="Successfully launched app  *C3 SpecialistApp*  with user * Manager0* " StartTime="07/06/2021 16:18:02 pm"><Log Duration="00:00:00" EndTime="07/06/2021 16:18:02 pm" Name="$ Successfully launched app  *C3 SpecialistApp*  with user * Manager0* ELSE Failed to launch app *C3 SpecialistApp*" StartTime="07/06/2021 16:18:02 pm" Status="PASS" Type="Successfully launched app  *C3 SpecialistApp*  with user * Manager0* ELSE Failed to launch app *C3 SpecialistApp*"/></TestStep><TestStep ActualStatus="PASS" Duration="00:00:00" EndTime="07/06/2021 16:18:26 pm" ExpectedStatus="PASS" FinalStatus="PASS" ID="23" Name="Successfully clicked on *Next* *Next* *Start Working* and Selected Language *English* and clicked on *Start Work* " StartTime="07/06/2021 16:18:26 pm"><Log Duration="00:00:00" EndTime="07/06/2021 16:18:26 pm" Name="$ Successfully clicked on *Next* *Next* *Start Working* and Selected Language *English* and clicked on *Start Work* ELSE Failed to click on *Next* *Next* *Start Working* and Selected Language *English*" StartTime="07/06/2021 16:18:26 pm" Status="PASS" Type="Successfully clicked on *Next* *Next* *Start Working* and Selected Language *English* and clicked on *Start Work* ELSE Failed to click on *Next* *Next* *Start Working* and Selected Language *English*"/></TestStep><TestStep ActualStatus="PASS" Duration="00:00:00" EndTime="07/06/2021 16:19:02 pm" ExpectedStatus="PASS" FinalStatus="PASS" ID="24" Name="Successfully *Rejected*  all Images and *Submitted* records " StartTime="07/06/2021 16:19:02 pm"><Log Duration="00:00:00" EndTime="07/06/2021 16:19:02 pm" Name="$ Successfully *Rejected*  all Images and *Submitted* records ELSE Failed to *Rejected*  all Images as manager 0" StartTime="07/06/2021 16:19:02 pm" Status="PASS" Type="Successfully *Rejected*  all Images and *Submitted* records ELSE Failed to *Rejected*  all Images as manager 0"/></TestStep><TestStep ActualStatus="PASS" Duration="00:00:00" EndTime="07/06/2021 16:19:10 pm" ExpectedStatus="PASS" FinalStatus="PASS" ID="25" Name="Successfully clicked on  *Profile*  and *LogOut* " StartTime="07/06/2021 16:19:10 pm"><Log Duration="00:00:00" EndTime="07/06/2021 16:19:10 pm" Name="$ Successfully clicked on  *Profile*  and *LogOut* ELSE Failed to click on  *LogOut*" StartTime="07/06/2021 16:19:10 pm" Status="PASS" Type="Successfully clicked on  *Profile*  and *LogOut* ELSE Failed to click on  *LogOut*"/></TestStep><TestStep ActualStatus="PASS" Duration="00:00:00" EndTime="07/06/2021 16:19:14 pm" ExpectedStatus="PASS" FinalStatus="PASS" ID="26" Name="Successfully launched app  *C3 SpecialistApp*  with user * Manager1* " StartTime="07/06/2021 16:19:14 pm"><Log Duration="00:00:00" EndTime="07/06/2021 16:19:14 pm" Name="$ Successfully launched app  *C3 SpecialistApp*  with user * Manager1* ELSE Failed to launch app *C3 SpecialistApp*" StartTime="07/06/2021 16:19:14 pm" Status="PASS" Type="Successfully launched app  *C3 SpecialistApp*  with user * Manager1* ELSE Failed to launch app *C3 SpecialistApp*"/></TestStep><TestStep ActualStatus="PASS" Duration="00:00:00" EndTime="07/06/2021 16:19:38 pm" ExpectedStatus="PASS" FinalStatus="PASS" ID="27" Name="Successfully clicked on *Next* *Next* *Start Working* and Selected Language *English* and clicked on *Start Work* " StartTime="07/06/2021 16:19:38 pm"><Log Duration="00:00:00" EndTime="07/06/2021 16:19:38 pm" Name="$ Successfully clicked on *Next* *Next* *Start Working* and Selected Language *English* and clicked on *Start Work* ELSE Failed to click on *Next* *Next* *Start Working* and Selected Language *English*" StartTime="07/06/2021 16:19:38 pm" Status="PASS" Type="Successfully clicked on *Next* *Next* *Start Working* and Selected Language *English* and clicked on *Start Work* ELSE Failed to click on *Next* *Next* *Start Working* and Selected Language *English*"/></TestStep><TestStep ActualStatus="PASS" Duration="00:00:00" EndTime="07/06/2021 16:20:15 pm" ExpectedStatus="PASS" FinalStatus="PASS" ID="28" Name="Successfully *Rejected*  all Images and *Submitted* records " StartTime="07/06/2021 16:20:15 pm"><Log Duration="00:00:00" EndTime="07/06/2021 16:20:15 pm" Name="$ Successfully *Rejected*  all Images and *Submitted* records ELSE Failed to *Rejected*  all Images as manager 1" StartTime="07/06/2021 16:20:15 pm" Status="PASS" Type="Successfully *Rejected*  all Images and *Submitted* records ELSE Failed to *Rejected*  all Images as manager 1"/></TestStep><TestStep ActualStatus="PASS" Duration="00:00:00" EndTime="07/06/2021 16:20:24 pm" ExpectedStatus="PASS" FinalStatus="PASS" ID="29" Name="Successfully clicked on  *Profile*  and *LogOut* " StartTime="07/06/2021 16:20:24 pm"><Log Duration="00:00:00" EndTime="07/06/2021 16:20:24 pm" Name="$ Successfully clicked on  *Profile*  and *LogOut* ELSE Failed to click on  *LogOut*" StartTime="07/06/2021 16:20:24 pm" Status="PASS" Type="Successfully clicked on  *Profile*  and *LogOut* ELSE Failed to click on  *LogOut*"/></TestStep><TestStep ActualStatus="PASS" Duration="00:00:00" EndTime="07/06/2021 16:20:27 pm" ExpectedStatus="PASS" FinalStatus="PASS" ID="30" Name="Successfully launched app  *C3 SpecialistApp*  with user * Manager2* " StartTime="07/06/2021 16:20:27 pm"><Log Duration="00:00:00" EndTime="07/06/2021 16:20:27 pm" Name="$ Successfully launched app  *C3 SpecialistApp*  with user * Manager2* ELSE Failed to launch app *C3 SpecialistApp*" StartTime="07/06/2021 16:20:27 pm" Status="PASS" Type="Successfully launched app  *C3 SpecialistApp*  with user * Manager2* ELSE Failed to launch app *C3 SpecialistApp*"/></TestStep><TestStep ActualStatus="PASS" Duration="00:00:00" EndTime="07/06/2021 16:20:51 pm" ExpectedStatus="PASS" FinalStatus="PASS" ID="31" Name="Successfully clicked on *Next* *Next* *Start Working* and Selected Language *English* and clicked on *Start Work* " StartTime="07/06/2021 16:20:51 pm"><Log Duration="00:00:00" EndTime="07/06/2021 16:20:51 pm" Name="$ Successfully clicked on *Next* *Next* *Start Working* and Selected Language *English* and clicked on *Start Work* ELSE Failed to click on *Next* *Next* *Start Working* and Selected Language *English*" StartTime="07/06/2021 16:20:51 pm" Status="PASS" Type="Successfully clicked on *Next* *Next* *Start Working* and Selected Language *English* and clicked on *Start Work* ELSE Failed to click on *Next* *Next* *Start Working* and Selected Language *English*"/></TestStep><TestStep ActualStatus="PASS" Duration="00:00:00" EndTime="07/06/2021 16:21:29 pm" ExpectedStatus="PASS" FinalStatus="PASS" ID="32" Name="Successfully *Rejected*  all Images and *Submitted* records " StartTime="07/06/2021 16:21:29 pm"><Log Duration="00:00:00" EndTime="07/06/2021 16:21:29 pm" Name="$ Successfully *Rejected*  all Images and *Submitted* records ELSE Failed to *Rejected*  all Images as manager 2" StartTime="07/06/2021 16:21:29 pm" Status="PASS" Type="Successfully *Rejected*  all Images and *Submitted* records ELSE Failed to *Rejected*  all Images as manager 2"/></TestStep><TestStep ActualStatus="PASS" Duration="00:00:00" EndTime="07/06/2021 16:21:38 pm" ExpectedStatus="PASS" FinalStatus="PASS" ID="33" Name="Successfully clicked on  *Profile*  and *LogOut* " StartTime="07/06/2021 16:21:38 pm"><Log Duration="00:00:00" EndTime="07/06/2021 16:21:38 pm" Name="$ Successfully clicked on  *Profile*  and *LogOut* ELSE Failed to click on  *LogOut*" StartTime="07/06/2021 16:21:38 pm" Status="PASS" Type="Successfully clicked on  *Profile*  and *LogOut* ELSE Failed to click on  *LogOut*"/></TestStep><TestStep ActualStatus="PASS" Duration="00:00:00" EndTime="07/06/2021 16:21:42 pm" ExpectedStatus="PASS" FinalStatus="PASS" ID="34" Name="Successfully launched app  *C3 SpecialistApp*  with user * Manager3* " StartTime="07/06/2021 16:21:42 pm"><Log Duration="00:00:00" EndTime="07/06/2021 16:21:42 pm" Name="$ Successfully launched app  *C3 SpecialistApp*  with user * Manager3* ELSE Failed to launch app *C3 SpecialistApp*" StartTime="07/06/2021 16:21:42 pm" Status="PASS" Type="Successfully launched app  *C3 SpecialistApp*  with user * Manager3* ELSE Failed to launch app *C3 SpecialistApp*"/></TestStep><TestStep ActualStatus="PASS" Duration="00:00:00" EndTime="07/06/2021 16:22:06 pm" ExpectedStatus="PASS" FinalStatus="PASS" ID="35" Name="Successfully clicked on *Next* *Next* *Start Working* and Selected Language *English* and clicked on *Start Work* " StartTime="07/06/2021 16:22:06 pm"><Log Duration="00:00:00" EndTime="07/06/2021 16:22:06 pm" Name="$ Successfully clicked on *Next* *Next* *Start Working* and Selected Language *English* and clicked on *Start Work* ELSE Failed to click on *Next* *Next* *Start Working* and Selected Language *English*" StartTime="07/06/2021 16:22:06 pm" Status="PASS" Type="Successfully clicked on *Next* *Next* *Start Working* and Selected Language *English* and clicked on *Start Work* ELSE Failed to click on *Next* *Next* *Start Working* and Selected Language *English*"/></TestStep><TestStep ActualStatus="PASS" Duration="00:00:00" EndTime="07/06/2021 16:22:42 pm" ExpectedStatus="PASS" FinalStatus="PASS" ID="36" Name="Successfully *Approved*  all Images and *Submitted* records " StartTime="07/06/2021 16:22:42 pm"><Log Duration="00:00:00" EndTime="07/06/2021 16:22:42 pm" Name="$ Successfully *Approved*  all Images and *Submitted* records ELSE Failed to *Rejected*  all Images as manager 3" StartTime="07/06/2021 16:22:42 pm" Status="PASS" Type="Successfully *Approved*  all Images and *Submitted* records ELSE Failed to *Rejected*  all Images as manager 3"/></TestStep><TestStep ActualStatus="PASS" Duration="00:00:00" EndTime="07/06/2021 16:22:51 pm" ExpectedStatus="PASS" FinalStatus="PASS" ID="37" Name="Successfully clicked on  *Profile*  and *LogOut* " StartTime="07/06/2021 16:22:51 pm"><Log Duration="00:00:00" EndTime="07/06/2021 16:22:51 pm" Name="$ Successfully clicked on  *Profile*  and *LogOut* ELSE Failed to click on  *LogOut*" StartTime="07/06/2021 16:22:51 pm" Status="PASS" Type="Successfully clicked on  *Profile*  and *LogOut* ELSE Failed to click on  *LogOut*"/></TestStep></TestCase></TestSuite><Project Duration="00:11:16" EndTime="07/06/2021 16:22:51 pm" Name="Selenium Framework" StartTime="07/06/2021 16:11:35 pm" Status="PASS"><EnvironmentDetails HostName="AapnaInfotech" InstanceName="C3 Specialist" ThresholdValue="90" URL="" UserName="Murali"/></Project></AutomationReportViewer>