<?xml version="1.0" encoding="UTF-8"?><AutomationReportViewer><TestSuite ActualStatus="PASS" Duration="00:02:34" EndTime="09/06/2021 18:36:57 pm" ExpectedStatus="PASS" FinalStatus="PASS" ID="1" Name="Automation_Demo" StartTime="09/06/2021 18:34:23 pm"><TestCase ActualStatus="PASS" Duration="00:01:05" EndTime="09/06/2021 18:35:28 pm" ExpectedStatus="PASS" FinalStatus="PASS" ID="1" Name="Creation of new Order in CXChoice Application" StartTime="09/06/2021 18:34:23 pm"><TestStep ActualStatus="PASS" Duration="00:00:00" EndTime="09/06/2021 18:34:23 pm" ExpectedStatus="PASS" FinalStatus="PASS" ID="1" Name="Successfully logged into  *CX  Choice Application* and verified *© Copyright 2020 The Closing Exchange* " StartTime="09/06/2021 18:34:23 pm"><Log Duration="00:00:00" EndTime="09/06/2021 18:34:23 pm" Name="$ Successfully logged into  *CX  Choice Application* and verified *© Copyright 2020, The Closing Exchange* ELSE Failed to login to *CX Choice Application*" StartTime="09/06/2021 18:34:23 pm" Status="PASS" Type="Successfully logged into  *CX  Choice Application* and verified *© Copyright 2020 The Closing Exchange* ELSE Failed to login to *CX Choice Application*"/></TestStep><TestStep ActualStatus="PASS" Duration="00:00:00" EndTime="09/06/2021 18:34:32 pm" ExpectedStatus="PASS" FinalStatus="PASS" ID="2" Name="Successfully selected *Place Order*  " StartTime="09/06/2021 18:34:32 pm"><Log Duration="00:00:00" EndTime="09/06/2021 18:34:32 pm" Name="$ Successfully selected *Place Order*  ELSE Failed to Select *Place Order*" StartTime="09/06/2021 18:34:32 pm" Status="PASS" Type="Successfully selected *Place Order*  ELSE Failed to Select *Place Order*"/></TestStep><TestStep ActualStatus="PASS" Duration="00:00:00" EndTime="09/06/2021 18:34:51 pm" ExpectedStatus="PASS" FinalStatus="PASS" ID="3" Name="Successfully submitted all details in *Place Order page* and clicked on Next " StartTime="09/06/2021 18:34:51 pm"><Log Duration="00:00:00" EndTime="09/06/2021 18:34:51 pm" Name="$ Successfully submitted all details in *Place Order page* and clicked on Next ELSE Failed to submit  details in *Place Order page*" StartTime="09/06/2021 18:34:51 pm" Status="PASS" Type="Successfully submitted all details in *Place Order page* and clicked on Next ELSE Failed to submit  details in *Place Order page*"/></TestStep><TestStep ActualStatus="PASS" Duration="00:00:00" EndTime="09/06/2021 18:34:58 pm" ExpectedStatus="PASS" FinalStatus="PASS" ID="4" Name="Successfully submitted all details in *Singer Information page* and clicked on Next " StartTime="09/06/2021 18:34:58 pm"><Log Duration="00:00:00" EndTime="09/06/2021 18:34:58 pm" Name="$ Successfully submitted all details in *Singer Information page* and clicked on Next ELSE Failed to submit  details in *Singer Information page*" StartTime="09/06/2021 18:34:58 pm" Status="PASS" Type="Successfully submitted all details in *Singer Information page* and clicked on Next ELSE Failed to submit  details in *Singer Information page*"/></TestStep><TestStep ActualStatus="PASS" Duration="00:00:00" EndTime="09/06/2021 18:35:13 pm" ExpectedStatus="PASS" FinalStatus="PASS" ID="5" Name="Successfully submitted all details in *Order Details page* and clicked on Place Order " StartTime="09/06/2021 18:35:13 pm"><Log Duration="00:00:00" EndTime="09/06/2021 18:35:13 pm" Name="$ Successfully submitted all details in *Order Details page* and clicked on Place Order ELSE Failed to submit  details in *Order details page*" StartTime="09/06/2021 18:35:13 pm" Status="PASS" Type="Successfully submitted all details in *Order Details page* and clicked on Place Order ELSE Failed to submit  details in *Order details page*"/></TestStep><TestStep ActualStatus="PASS" Duration="00:00:00" EndTime="09/06/2021 18:35:13 pm" ExpectedStatus="PASS" FinalStatus="PASS" ID="6" Name="Successfully captured New Order Number  *  486964  * " StartTime="09/06/2021 18:35:13 pm"><Log Duration="00:00:00" EndTime="09/06/2021 18:35:13 pm" Name="$ Successfully captured New Order Number  &amp;ordernumber&amp; ELSE Failed to capture order number" StartTime="09/06/2021 18:35:13 pm" Status="PASS" Type="Successfully captured New Order Number  &amp;ordernumber&amp; ELSE Failed to capture order number"/></TestStep><TestStep ActualStatus="PASS" Duration="00:00:00" EndTime="09/06/2021 18:35:28 pm" ExpectedStatus="PASS" FinalStatus="PASS" ID="7" Name="Successfully verified order number *  486964  *  with Last Name   * PETER_RVTZT * " StartTime="09/06/2021 18:35:28 pm"><Log Duration="00:00:00" EndTime="09/06/2021 18:35:28 pm" Name="$ Successfully verified order number &amp;New Order Number&amp;  with Last Name   &amp;lastname&amp; ELSE Failed to verify order number" StartTime="09/06/2021 18:35:28 pm" Status="PASS" Type="Successfully verified order number &amp;New Order Number&amp;  with Last Name   &amp;lastname&amp; ELSE Failed to verify order number"/></TestStep></TestCase><TestCase ActualStatus="PASS" Duration="00:01:15" EndTime="09/06/2021 18:36:57 pm" ExpectedStatus="PASS" FinalStatus="PASS" ID="2" Name="Verify the data movement between Specialist and managers" StartTime="09/06/2021 18:35:42 pm"><TestStep ActualStatus="PASS" Duration="00:00:00" EndTime="09/06/2021 18:35:42 pm" ExpectedStatus="PASS" FinalStatus="PASS" ID="8" Name="Successfully launched app  *C3 SpecialistApp*  with user * Specialist 0* " StartTime="09/06/2021 18:35:42 pm"><Log Duration="00:00:00" EndTime="09/06/2021 18:35:42 pm" Name="$ Successfully launched app  *C3 SpecialistApp*  with user * Specialist 0* ELSE Failed to launch app *C3 SpecialistApp*" StartTime="09/06/2021 18:35:42 pm" Status="PASS" Type="Successfully launched app  *C3 SpecialistApp*  with user * Specialist 0* ELSE Failed to launch app *C3 SpecialistApp*"/></TestStep><TestStep ActualStatus="PASS" Duration="00:00:00" EndTime="09/06/2021 18:35:43 pm" ExpectedStatus="PASS" FinalStatus="PASS" ID="9" Name="Successfully verified home page with message  *Lets Get Started* " StartTime="09/06/2021 18:35:43 pm"><Log Duration="00:00:00" EndTime="09/06/2021 18:35:43 pm" Name="$ Successfully verified home page with message  *Let's Get Started* ELSE Failed to verify message in home page *Let's Get Started*" StartTime="09/06/2021 18:35:43 pm" Status="PASS" Type="Successfully verified home page with message  *Lets Get Started* ELSE Failed to verify message in home page *Lets Get Started*"/></TestStep><TestStep ActualStatus="PASS" Duration="00:00:00" EndTime="09/06/2021 18:36:15 pm" ExpectedStatus="PASS" FinalStatus="PASS" ID="10" Name="Successfully clicked on *Next* *Next* *Start Working* and Selected Language *English* and clicked on *Start Work* " StartTime="09/06/2021 18:36:15 pm"><Log Duration="00:00:00" EndTime="09/06/2021 18:36:15 pm" Name="$ Successfully clicked on *Next* *Next* *Start Working* and Selected Language *English* and clicked on *Start Work* ELSE Failed to click on *Next* *Next* *Start Working* and Selected Language *English*" StartTime="09/06/2021 18:36:15 pm" Status="PASS" Type="Successfully clicked on *Next* *Next* *Start Working* and Selected Language *English* and clicked on *Start Work* ELSE Failed to click on *Next* *Next* *Start Working* and Selected Language *English*"/></TestStep><TestStep ActualStatus="PASS" Duration="00:00:00" EndTime="09/06/2021 18:36:48 pm" ExpectedStatus="PASS" FinalStatus="PASS" ID="11" Name="Successfully cropped *6 records* " StartTime="09/06/2021 18:36:48 pm"><Log Duration="00:00:00" EndTime="09/06/2021 18:36:48 pm" Name="$ Successfully cropped *6 records* ELSE Failed to crop the records" StartTime="09/06/2021 18:36:48 pm" Status="PASS" Type="Successfully cropped *6 records* ELSE Failed to crop the records"/></TestStep><TestStep ActualStatus="PASS" Duration="00:00:00" EndTime="09/06/2021 18:36:57 pm" ExpectedStatus="PASS" FinalStatus="PASS" ID="12" Name="Successfully clicked on  *Profile*  and *LogOut* " StartTime="09/06/2021 18:36:57 pm"><Log Duration="00:00:00" EndTime="09/06/2021 18:36:57 pm" Name="$ Successfully clicked on  *Profile*  and *LogOut* ELSE Failed to click on  *LogOut*" StartTime="09/06/2021 18:36:57 pm" Status="PASS" Type="Successfully clicked on  *Profile*  and *LogOut* ELSE Failed to click on  *LogOut*"/></TestStep></TestCase></TestSuite><Project Duration="00:02:34" EndTime="09/06/2021 18:36:57 pm" Name="Selenium Framework" StartTime="09/06/2021 18:34:23 pm" Status="PASS"><EnvironmentDetails HostName="AapnaInfotech" InstanceName="Automation_Demo" ThresholdValue="90" URL="https://staging.theclosingexchange.com/#" UserName="Murali"/></Project></AutomationReportViewer>